{"md5":"bb3f7761f0112f118089d767fd8d2bf4","frameRate":30,"atlases":[{"file":"atlas0.png","textures":[{"rect":[0,0,640,480],"offset":[0,0],"symbol":"background"},{"rect":[642,0,96,185],"offset":[0,0],"symbol":"HairBack"},{"rect":[740,0,67,94],"offset":[0,0],"symbol":"HairFront"},{"rect":[809,0,54,102],"offset":[0,0],"symbol":"Torso"},{"rect":[865,0,48,114],"offset":[0,0],"symbol":"HairMiddle"},{"rect":[915,0,42,111],"offset":[0,0],"symbol":"LLegUpper"},{"rect":[959,0,62,62],"offset":[0,0],"symbol":"Head"},{"rect":[959,64,32,112],"offset":[0,0],"symbol":"RLegUpper"},{"rect":[740,96,48,41],"offset":[0,0],"symbol":"Hips"},{"rect":[993,64,21,80],"offset":[0,0],"symbol":"LLegLower"},{"rect":[790,104,18,79],"offset":[0,0],"symbol":"RLegLower"},{"rect":[810,104,23,54],"offset":[0,0],"symbol":"RArmLower"},{"rect":[836,104,16,76],"offset":[0,0],"symbol":"LArmUpper"},{"rect":[915,113,12,75],"offset":[0,0],"symbol":"RArmUpper"},{"rect":[929,113,13,56],"offset":[0,0],"symbol":"LArmLower"},{"rect":[854,116,15,42],"offset":[0,0],"symbol":"Neck"},{"rect":[871,116,33,19],"offset":[0,0.05],"symbol":"RFoot"},{"rect":[871,137,33,19],"offset":[0,0],"symbol":"LFoot"},{"rect":[740,139,40,15],"offset":[0,0],"symbol":"Cheeks"},{"rect":[740,156,38,11],"offset":[0,0],"symbol":"Eyelidsclosed"},{"rect":[871,158,34,11],"offset":[0,0],"symbol":"Eyes"},{"rect":[741,169,36,9],"offset":[0,0],"symbol":"EyelidUpper"},{"rect":[944,113,11,27],"offset":[0,0],"symbol":"LHand"},{"rect":[993,146,24,12],"offset":[0,0],"symbol":"mouthopen"},{"rect":[944,142,12,24],"offset":[0,0],"symbol":"RHand"},{"rect":[993,160,28,9],"offset":[0,0],"symbol":"Mouth1"},{"rect":[854,171,34,6],"offset":[0,0],"symbol":"Brow"},{"rect":[929,171,25,8],"offset":[0,0],"symbol":"Pupil"},{"rect":[993,171,25,8],"offset":[0,0],"symbol":"pupils"},{"rect":[956,178,33,5],"offset":[0,0],"symbol":"EyelidLower"},{"rect":[810,160,24,5],"offset":[0,0],"symbol":"mouth_symbol"},{"rect":[790,96,8,5],"offset":[0,0],"symbol":"nose"}]}],"movies":[{"layers":[{"keyframes":[{"scale":[1.0601,1.0599],"pivot":[38.65,2.35],"ref":"HairBack","loc":[1.1352,-191.2035],"skew":[0.0527,0.0527],"index":0,"duration":5},{"scale":[1.0858,1.0457],"pivot":[38.65,2.45],"ref":"HairBack","loc":[-2.3508,-187.8245],"skew":[0.0218,0.0218],"index":5,"duration":5},{"scale":[1.0599,1.0597],"pivot":[38.65,2.35],"ref":"HairBack","loc":[-5.6217,-184.709],"skew":[0.0135,0.0134],"index":10,"duration":5},{"scale":[0.9799,1.0596],"pivot":[38.75,2.35],"ref":"HairBack","loc":[-1.0967,-188.9134],"skew":[0.0487,0.0487],"index":15,"duration":5},{"scale":[1.0601,1.0599],"pivot":[38.65,2.35],"ref":"HairBack","loc":[1.1352,-191.2035],"skew":[0.0527,0.0527],"index":20,"duration":6},{"scale":[1.0858,1.0457],"pivot":[38.65,2.45],"ref":"HairBack","loc":[-2.3508,-187.8245],"skew":[0.0218,0.0218],"index":26,"duration":5},{"scale":[1.0599,1.0597],"pivot":[38.65,2.35],"ref":"HairBack","loc":[-5.6217,-184.709],"skew":[0.0135,0.0134],"index":31,"duration":5},{"scale":[0.9799,1.0596],"pivot":[38.75,2.35],"ref":"HairBack","loc":[-1.0967,-188.9134],"skew":[0.0487,0.0487],"index":36,"duration":5},{"scale":[1.0601,1.0599],"pivot":[38.65,2.35],"ref":"HairBack","loc":[1.1352,-191.2035],"skew":[0.0527,0.0527],"index":41,"duration":1}],"name":"Hair Back"},{"keyframes":[{"scale":[1.0549,1.0547],"pivot":[7.4,3.65],"ref":"RArmUpper","loc":[-17.0218,-103.1604],"skew":[0.5452,0.5452],"index":0,"duration":10},{"scale":[1.0528,1.0526],"pivot":[7.65,3.55],"ref":"RArmUpper","loc":[-24.122,-95.9605],"skew":[0.1556,0.1556],"index":10,"duration":10},{"scale":[1.0545,1.0543],"pivot":[7.45,3.65],"ref":"RArmUpper","loc":[-17.0289,-103.1687],"skew":[0.0692,0.0691],"index":20,"duration":5},{"scale":[1.0531,1.0529],"pivot":[7.4,3.65],"ref":"RArmUpper","loc":[-19.4144,-100.8255],"skew":[-0.053,-0.0531],"index":25,"duration":6},{"scale":[1.0523,1.0521],"pivot":[7.65,3.55],"ref":"RArmUpper","loc":[-24.1775,-95.9644],"skew":[-0.0061,-0.0061],"index":31,"duration":10},{"scale":[1.0549,1.0547],"pivot":[7.4,3.65],"ref":"RArmUpper","loc":[-17.0218,-103.1604],"skew":[0.5452,0.5452],"index":41,"duration":1}],"name":"R Arm Upper"},{"keyframes":[{"scale":[1.0552,1.0551],"pivot":[20.05,2.25],"ref":"RArmLower","loc":[-54.3774,-49.1209],"skew":[-0.1527,-0.1527],"index":0,"duration":10},{"scale":[1.054,1.0539],"pivot":[20.05,2.4],"ref":"RArmLower","loc":[-38.3162,-28.7262],"skew":[0.1727,0.1727],"index":10,"duration":10},{"scale":[1.0568,1.0566],"pivot":[20,2.25],"ref":"RArmLower","loc":[-25.1996,-40.3498],"skew":[0.4453,0.4453],"index":20,"duration":5},{"scale":[1.0548,1.0546],"pivot":[19.95,2.25],"ref":"RArmLower","loc":[-19.4259,-40.0491],"skew":[0.3583,0.3583],"index":25,"duration":6},{"scale":[1.0536,1.0535],"pivot":[20.05,2.4],"ref":"RArmLower","loc":[-28.3775,-28.237],"skew":[0.0635,0.0635],"index":31,"duration":10},{"scale":[1.0552,1.0551],"pivot":[20.05,2.25],"ref":"RArmLower","loc":[-54.3774,-49.1209],"skew":[-0.1527,-0.1527],"index":41,"duration":1}],"name":"R Arm Lower"},{"keyframes":[{"scale":[1.0565,1.0564],"pivot":[6.45,2.7],"ref":"RHand","loc":[-65.5404,5.1357],"skew":[-0.3101,-0.3102],"index":0,"duration":10},{"scale":[1.0541,1.054],"pivot":[6.5,2.8],"ref":"RHand","loc":[-63.7688,14.0032],"skew":[0.8322,0.8321],"index":10,"duration":10},{"scale":[1.0557,1.0556],"pivot":[6.5,2.75],"ref":"RHand","loc":[-65.4615,-2.5763],"skew":[1.9739,1.9738],"index":20,"duration":5},{"scale":[1.0551,1.0549],"pivot":[6.5,2.7],"ref":"RHand","loc":[-56.8906,1.202],"skew":[1.6064,1.6064],"index":25,"duration":6},{"scale":[1.0541,1.054],"pivot":[6.5,2.8],"ref":"RHand","loc":[-51.3688,21.5032],"skew":[0.8322,0.8321],"index":31,"duration":10},{"scale":[1.0565,1.0564],"pivot":[6.45,2.7],"ref":"RHand","loc":[-65.5404,5.1357],"skew":[-0.3101,-0.3102],"index":41,"duration":1}],"name":"R Hand"},{"keyframes":[{"scale":[1.0584,1.0582],"pivot":[4.25,5.5],"ref":"RLegLower","loc":[-15.6459,93.3871],"skew":[-0.0183,-0.0183],"index":0,"duration":10},{"scale":[1.0567,1.0566],"pivot":[4.3,5.45],"ref":"RLegLower","loc":[-32.5651,100.0785],"skew":[-0.2631,-0.2631],"index":10,"duration":10},{"scale":[1.0584,1.0582],"pivot":[4.25,5.5],"ref":"RLegLower","loc":[-15.6459,93.3871],"skew":[-0.0183,-0.0183],"index":20,"duration":11},{"scale":[1.0567,1.0566],"pivot":[4.3,5.45],"ref":"RLegLower","loc":[-32.5651,100.0785],"skew":[-0.2631,-0.2631],"index":31,"duration":10},{"scale":[1.0584,1.0582],"pivot":[4.25,5.5],"ref":"RLegLower","loc":[-15.6459,93.3871],"skew":[-0.0183,-0.0183],"index":41,"duration":1}],"name":"R Leg lower"},{"keyframes":[{"scale":[1.0555,1.0557],"pivot":[31.2,2.8],"ref":"RFoot","loc":[-4.3386,168.8939],"skew":[0.0345,0.0346],"index":0,"duration":10},{"scale":[1.0554,1.0556],"pivot":[31.25,2.8],"ref":"RFoot","loc":[-4.3275,168.895],"skew":[0.0315,0.0316],"index":10,"duration":10},{"scale":[1.0555,1.0557],"pivot":[31.2,2.8],"ref":"RFoot","loc":[-4.3386,168.8939],"skew":[0.0345,0.0346],"index":20,"duration":11},{"scale":[1.0554,1.0556],"pivot":[31.25,2.8],"ref":"RFoot","loc":[-4.3275,168.895],"skew":[0.0315,0.0316],"index":31,"duration":10},{"scale":[1.0555,1.0557],"pivot":[31.2,2.8],"ref":"RFoot","loc":[-4.3386,168.8939],"skew":[0.0345,0.0346],"index":41,"duration":1}],"name":"R Foot"},{"keyframes":[{"scale":[1.0582,1.082],"pivot":[7.4,11.6],"ref":"RLegUpper","loc":[-43.2863,-5.1249],"skew":[-0.172,-0.1721],"index":0,"duration":10},{"scale":[1.0571,1.0808],"pivot":[7.4,11.6],"ref":"RLegUpper","loc":[-35.8325,0.3347],"skew":[0.0745,0.0745],"index":10,"duration":10},{"scale":[1.0582,1.082],"pivot":[7.4,11.6],"ref":"RLegUpper","loc":[-43.2863,-5.1249],"skew":[-0.172,-0.1721],"index":20,"duration":11},{"scale":[1.0571,1.0808],"pivot":[7.4,11.6],"ref":"RLegUpper","loc":[-35.8325,0.3347],"skew":[0.0745,0.0745],"index":31,"duration":10},{"scale":[1.0582,1.082],"pivot":[7.4,11.6],"ref":"RLegUpper","loc":[-43.2863,-5.1249],"skew":[-0.172,-0.1721],"index":41,"duration":1}],"name":"R Leg Upper"},{"keyframes":[{"scale":[1.0599,1.0597],"pivot":[23.95,20.3],"ref":"Hips","loc":[-23.6711,-3.2221],"skew":[0.1621,0.1621],"index":0,"duration":10},{"scale":[1.0593,1.0592],"pivot":[23.95,20.35],"ref":"Hips","loc":[-16.1126,2.3421],"skew":[0.0834,0.0834],"index":10,"duration":10},{"scale":[1.0599,1.0597],"pivot":[23.95,20.3],"ref":"Hips","loc":[-23.6711,-3.2221],"skew":[0.1621,0.1621],"index":20,"duration":11},{"scale":[1.0593,1.0592],"pivot":[23.95,20.35],"ref":"Hips","loc":[-16.1126,2.3421],"skew":[0.0834,0.0834],"index":31,"duration":10},{"scale":[1.0599,1.0597],"pivot":[23.95,20.3],"ref":"Hips","loc":[-23.6711,-3.2221],"skew":[0.1621,0.1621],"index":41,"duration":1}],"name":"hips"},{"keyframes":[{"scale":[1.0588,1.1583],"pivot":[5.8,9.05],"ref":"LLegLower","loc":[-24.2467,95.6563],"skew":[-0.4902,-0.4902],"index":0,"duration":10},{"scale":[1.0568,1.156],"pivot":[5.75,9.05],"ref":"LLegLower","loc":[-29.9644,101.6687],"skew":[-0.6123,-0.6123],"index":10,"duration":10},{"scale":[1.0588,1.1583],"pivot":[5.8,9.05],"ref":"LLegLower","loc":[-24.2467,95.6563],"skew":[-0.4902,-0.4902],"index":20,"duration":11},{"scale":[1.0568,1.156],"pivot":[5.75,9.05],"ref":"LLegLower","loc":[-29.9644,101.6687],"skew":[-0.6123,-0.6123],"index":31,"duration":10},{"scale":[1.0588,1.1583],"pivot":[5.8,9.05],"ref":"LLegLower","loc":[-24.2467,95.6563],"skew":[-0.4902,-0.4902],"index":41,"duration":1}],"name":"L Leg Lower"},{"keyframes":[{"scale":[1.0542,1.054],"pivot":[30.7,2.1],"ref":"LFoot","loc":[23.1152,157.0442],"skew":[-1.9993,-1.9993],"index":0,"duration":10},{"scale":[1.0515,1.0513],"pivot":[30.7,2.1],"ref":"LFoot","loc":[23.6961,156.9005],"skew":[-2.0392,-2.0392],"index":10,"duration":10},{"scale":[1.0542,1.054],"pivot":[30.7,2.1],"ref":"LFoot","loc":[23.1152,157.0442],"skew":[-1.9993,-1.9993],"index":20,"duration":11},{"scale":[1.0515,1.0513],"pivot":[30.7,2.1],"ref":"LFoot","loc":[23.6961,156.9005],"skew":[-2.0392,-2.0392],"index":31,"duration":10},{"scale":[1.0542,1.054],"pivot":[30.7,2.1],"ref":"LFoot","loc":[23.1152,157.0442],"skew":[-1.9993,-1.9993],"index":41,"duration":1}],"name":"L Foot"},{"keyframes":[{"scale":[1.0574,1.0573],"pivot":[18.25,11.25],"ref":"LLegUpper","loc":[-12.3484,-8.2431],"skew":[0.33,0.3301],"index":0,"duration":10},{"scale":[1.055,1.0548],"pivot":[18.3,11.3],"ref":"LLegUpper","loc":[-5.2711,2.0502],"skew":[0.4641,0.4641],"index":10,"duration":10},{"scale":[1.0574,1.0573],"pivot":[18.25,11.25],"ref":"LLegUpper","loc":[-12.3484,-8.2431],"skew":[0.33,0.3301],"index":20,"duration":11},{"scale":[1.055,1.0548],"pivot":[18.3,11.3],"ref":"LLegUpper","loc":[-5.2711,2.0502],"skew":[0.4641,0.4641],"index":31,"duration":10},{"scale":[1.0574,1.0573],"pivot":[18.25,11.25],"ref":"LLegUpper","loc":[-12.3484,-8.2431],"skew":[0.33,0.3301],"index":41,"duration":1}],"name":"L Leg Upper"},{"keyframes":[{"scale":[1.0597,1.0331],"pivot":[24.2,95.45],"ref":"Torso","loc":[-17.9468,-11.8637],"skew":[0.1714,0.1714],"index":0,"duration":10},{"scale":[1.0592,1.0325],"pivot":[24.25,95.45],"ref":"Torso","loc":[-12.7828,-4.816],"skew":[0.0052,0.0052],"index":10,"duration":10},{"scale":[1.0597,1.0331],"pivot":[24.2,95.45],"ref":"Torso","loc":[-17.9468,-11.8637],"skew":[0.1714,0.1714],"index":20,"duration":11},{"scale":[1.0592,1.0325],"pivot":[24.25,95.45],"ref":"Torso","loc":[-12.7828,-4.816],"skew":[0.0052,0.0052],"index":31,"duration":10},{"scale":[1.0597,1.0331],"pivot":[24.2,95.45],"ref":"Torso","loc":[-17.9468,-11.8637],"skew":[0.1714,0.1714],"index":41,"duration":1}],"name":"torso"},{"keyframes":[{"scale":[1.0592,1.059],"pivot":[5.05,2.3],"ref":"LArmUpper","loc":[22.4841,-99.6307],"skew":[0.1626,0.1626],"index":0,"duration":5},{"scale":[1.0581,1.0579],"pivot":[5.1,2.3],"ref":"LArmUpper","loc":[20.7568,-99.3661],"skew":[0.1849,0.1849],"index":5,"duration":5},{"scale":[1.056,1.0558],"pivot":[5.15,2.25],"ref":"LArmUpper","loc":[13.2685,-98.0887],"skew":[-0.0839,-0.0839],"index":10,"duration":10},{"scale":[1.0575,1.0573],"pivot":[5.1,2.25],"ref":"LArmUpper","loc":[22.4837,-99.6609],"skew":[-0.4767,-0.4767],"index":20,"duration":6},{"scale":[1.0557,1.0556],"pivot":[5.1,2.2],"ref":"LArmUpper","loc":[19.5489,-99.1637],"skew":[-0.4778,-0.4778],"index":26,"duration":5},{"scale":[1.0564,1.0563],"pivot":[5.1,2.3],"ref":"LArmUpper","loc":[13.2405,-98.0708],"skew":[-0.3424,-0.3425],"index":31,"duration":10},{"scale":[1.0592,1.059],"pivot":[5.05,2.3],"ref":"LArmUpper","loc":[22.4841,-99.6307],"skew":[0.1626,0.1626],"index":41,"duration":1}],"name":"L Arm Upper"},{"keyframes":[{"scale":[1.0586,1.0585],"pivot":[4.55,1.7],"ref":"LArmLower","loc":[18.7238,-31.6398],"skew":[0.0232,0.0231],"index":0,"duration":5},{"scale":[1.0576,1.0575],"pivot":[4.5,1.7],"ref":"LArmLower","loc":[15.8108,-31.1296],"skew":[0.1799,0.1799],"index":5,"duration":5},{"scale":[1.0568,1.0566],"pivot":[4.6,1.7],"ref":"LArmLower","loc":[28.1624,-29.7148],"skew":[0.1795,0.1795],"index":10,"duration":10},{"scale":[1.0573,1.0571],"pivot":[4.55,1.65],"ref":"LArmLower","loc":[63.2002,-39.0712],"skew":[0.483,0.483],"index":20,"duration":6},{"scale":[1.0554,1.0553],"pivot":[4.55,1.6],"ref":"LArmLower","loc":[59.0508,-40.1751],"skew":[0.2621,0.2621],"index":26,"duration":5},{"scale":[1.0563,1.0562],"pivot":[4.65,1.7],"ref":"LArmLower","loc":[44.9201,-34.2208],"skew":[0.048,0.048],"index":31,"duration":10},{"scale":[1.0586,1.0585],"pivot":[4.55,1.7],"ref":"LArmLower","loc":[18.7238,-31.6398],"skew":[0.0232,0.0231],"index":41,"duration":1}],"name":"L Arm Lower"},{"keyframes":[{"scale":[1.0549,1.0548],"pivot":[4.3,1.85],"ref":"LHand","loc":[22.7942,25.0772],"skew":[-1.2604,-1.2602],"index":0,"duration":5},{"scale":[1.0518,1.0517],"pivot":[4.3,1.85],"ref":"LHand","loc":[12.0936,24.428],"skew":[-0.7744,-0.7744],"index":5,"duration":5},{"scale":[1.053,1.0529],"pivot":[4.4,1.95],"ref":"LHand","loc":[24.0681,24.2985],"skew":[0.3585,0.3585],"index":10,"duration":10},{"scale":[1.054,1.0539],"pivot":[4.25,1.85],"ref":"LHand","loc":[41.3695,11.8501],"skew":[0.6655,0.6656],"index":20,"duration":6},{"scale":[1.0513,1.0512],"pivot":[4.25,1.85],"ref":"LHand","loc":[49.5764,14.9439],"skew":[0.8524,0.8524],"index":26,"duration":5},{"scale":[1.0532,1.0531],"pivot":[4.45,1.9],"ref":"LHand","loc":[48.526,19.7992],"skew":[0.2878,0.2879],"index":31,"duration":10},{"scale":[1.0549,1.0548],"pivot":[4.3,1.85],"ref":"LHand","loc":[22.7942,25.0772],"skew":[-1.2604,-1.2602],"index":41,"duration":1}],"name":"L Hand"},{"keyframes":[{"scale":[1.0605,1.0603],"pivot":[7.35,37.75],"ref":"Neck","loc":[0.5945,-103.9736],"index":0,"duration":10},{"scale":[1.0594,1.179],"pivot":[7.3,37.75],"ref":"Neck","loc":[-10.5984,-96.2759],"skew":[0.1665,0.1665],"index":10,"duration":10},{"scale":[1.0605,1.0603],"pivot":[7.35,37.75],"ref":"Neck","loc":[0.5945,-103.9736],"index":20,"duration":11},{"scale":[1.0594,1.179],"pivot":[7.3,37.75],"ref":"Neck","loc":[-10.5984,-96.2759],"skew":[0.1665,0.1665],"index":31,"duration":10},{"scale":[1.0605,1.0603],"pivot":[7.35,37.75],"ref":"Neck","loc":[0.5945,-103.9736],"index":41,"duration":1}],"name":"neck"},{"keyframes":[{"scale":[1.0605,1.0603],"pivot":[32.4,4.15],"ref":"HairMiddle","loc":[-7.7408,-193.4997],"index":0,"duration":5},{"scale":[1.0952,1.0322],"pivot":[32.35,4.25],"ref":"HairMiddle","loc":[-8.4275,-189.9884],"skew":[0.0489,0.0489],"index":5,"duration":5},{"scale":[1.0597,1.0596],"pivot":[32.4,4.15],"ref":"HairMiddle","loc":[-8.9294,-186.828],"skew":[0.1006,0.1006],"index":10,"duration":4},{"scale":[1.001,1.0936],"pivot":[32.5,4.15],"ref":"HairMiddle","loc":[-8.4807,-189.1865],"skew":[0.0797,0.0797],"index":14,"duration":6},{"scale":[1.0605,1.0603],"pivot":[32.4,4.15],"ref":"HairMiddle","loc":[-7.7408,-193.4997],"index":20,"duration":6},{"scale":[1.0952,1.0322],"pivot":[32.35,4.25],"ref":"HairMiddle","loc":[-8.4275,-189.9884],"skew":[0.0489,0.0489],"index":26,"duration":5},{"scale":[1.0597,1.0596],"pivot":[32.4,4.15],"ref":"HairMiddle","loc":[-8.9294,-186.828],"skew":[0.1006,0.1006],"index":31,"duration":4},{"scale":[1.001,1.0936],"pivot":[32.5,4.15],"ref":"HairMiddle","loc":[-8.4807,-189.1865],"skew":[0.0797,0.0797],"index":35,"duration":6},{"scale":[1.0605,1.0603],"pivot":[32.4,4.15],"ref":"HairMiddle","loc":[-7.7408,-193.4997],"index":41,"duration":1}],"name":"Hair Middle"},{"keyframes":[{"scale":[1.0583,1.0581],"pivot":[37.9,54.25],"ref":"Head","loc":[10.3439,-136.2671],"skew":[-0.2717,-0.2717],"index":0,"duration":10},{"scale":[1.0573,1.0572],"pivot":[37.85,54.3],"ref":"Head","loc":[3.2232,-128.4634],"skew":[-0.1704,-0.1704],"index":10,"duration":10},{"scale":[1.0583,1.0581],"pivot":[37.9,54.25],"ref":"Head","loc":[10.3439,-136.2671],"skew":[-0.2717,-0.2717],"index":20,"duration":11},{"scale":[1.0573,1.0572],"pivot":[37.85,54.3],"ref":"Head","loc":[3.2232,-128.4634],"skew":[-0.1704,-0.1704],"index":31,"duration":10},{"scale":[1.0583,1.0581],"pivot":[37.9,54.25],"ref":"Head","loc":[10.3439,-136.2671],"skew":[-0.2717,-0.2717],"index":41,"duration":1}],"name":"head"},{"keyframes":[{"scale":[1.0583,1.0581],"pivot":[20.05,6.9],"ref":"Cheeks","loc":[-10.6002,-139.1111],"skew":[-0.2717,-0.2717],"index":0,"duration":10},{"scale":[1.0573,1.0572],"pivot":[20.1,6.85],"ref":"Cheeks","loc":[-17.078,-133.367],"skew":[-0.1704,-0.1704],"index":10,"duration":10},{"scale":[1.0583,1.0581],"pivot":[20.05,6.9],"ref":"Cheeks","loc":[-10.6002,-139.1111],"skew":[-0.2717,-0.2717],"index":20,"duration":11},{"scale":[1.0573,1.0572],"pivot":[20.1,6.85],"ref":"Cheeks","loc":[-17.078,-133.367],"skew":[-0.1704,-0.1704],"index":31,"duration":10},{"scale":[1.0583,1.0581],"pivot":[20.05,6.9],"ref":"Cheeks","loc":[-10.6002,-139.1111],"skew":[-0.2717,-0.2717],"index":41,"duration":1}],"name":"Cheeks"},{"keyframes":[{"scale":[1.0583,1.0581],"pivot":[11.95,2.45],"ref":"mouth_symbol","loc":[-9.0216,-132.7965],"skew":[-0.2717,-0.2717],"index":0,"duration":10},{"scale":[1.0573,1.0572],"pivot":[11.9,2.35],"ref":"mouth_symbol","loc":[-16.279,-127.0852],"skew":[-0.1704,-0.1704],"index":10,"duration":10},{"scale":[1.0583,1.0581],"pivot":[11.85,2.3],"ref":"mouth_symbol","loc":[-9.1661,-132.921],"skew":[-0.2717,-0.2717],"index":20,"duration":11},{"scale":[1.0573,1.0572],"pivot":[11.9,2.35],"ref":"mouth_symbol","loc":[-16.279,-127.0852],"skew":[-0.1704,-0.1704],"index":31,"duration":10},{"scale":[1.0583,1.0581],"pivot":[11.85,2.3],"ref":"mouth_symbol","loc":[-9.1661,-132.921],"skew":[-0.2717,-0.2717],"index":41,"duration":1}],"name":"mouthlayer"},{"keyframes":[{"scale":[1.0583,1.0581],"pivot":[3.65,2.4],"ref":"nose","loc":[-18.0974,-138.2403],"skew":[-0.2717,-0.2717],"index":0,"duration":10},{"scale":[1.0573,1.0572],"pivot":[3.65,2.35],"ref":"nose","loc":[-24.5755,-133.2561],"skew":[-0.1704,-0.1704],"index":10,"duration":10},{"scale":[1.0583,1.0581],"pivot":[3.65,2.4],"ref":"nose","loc":[-18.0974,-138.2403],"skew":[-0.2717,-0.2717],"index":20,"duration":11},{"scale":[1.0573,1.0572],"pivot":[3.65,2.35],"ref":"nose","loc":[-24.5755,-133.2561],"skew":[-0.1704,-0.1704],"index":31,"duration":10},{"scale":[1.0583,1.0581],"pivot":[3.65,2.4],"ref":"nose","loc":[-18.0974,-138.2403],"skew":[-0.2717,-0.2717],"index":41,"duration":1}],"name":"nose"},{"keyframes":[{"scale":[1.0583,1.0581],"pivot":[16.75,5.4],"ref":"Eyes","loc":[-15.0904,-149.0028],"skew":[-0.2717,-0.2717],"index":0,"duration":10},{"scale":[1.0573,1.0572],"pivot":[16.8,5.4],"ref":"Eyes","loc":[-20.6265,-143.5861],"skew":[-0.1704,-0.1704],"index":10,"duration":10},{"scale":[1.0583,1.0581],"pivot":[16.75,5.4],"ref":"Eyes","loc":[-15.0904,-149.0028],"skew":[-0.2717,-0.2717],"index":20,"duration":11},{"scale":[1.0573,1.0572],"pivot":[16.8,5.4],"ref":"Eyes","loc":[-20.6265,-143.5861],"skew":[-0.1704,-0.1704],"index":31,"duration":10},{"scale":[1.0583,1.0581],"pivot":[16.75,5.4],"ref":"Eyes","loc":[-15.0904,-149.0028],"skew":[-0.2717,-0.2717],"index":41,"duration":1}],"name":"eyes"},{"keyframes":[{"scale":[1.0583,1.0581],"pivot":[12.2,3.7],"ref":"Pupil","loc":[-16.9617,-149.5934],"skew":[-0.2717,-0.2717],"index":0,"duration":10},{"scale":[1.0573,1.0572],"pivot":[12.25,3.7],"ref":"Pupil","loc":[-22.3723,-144.3414],"skew":[-0.1704,-0.1704],"index":10,"duration":10},{"scale":[1.0583,1.0581],"pivot":[12.2,3.7],"ref":"Pupil","loc":[-16.9617,-149.5934],"skew":[-0.2717,-0.2717],"index":20,"duration":11},{"scale":[1.0573,1.0572],"pivot":[12.25,3.7],"ref":"Pupil","loc":[-22.3723,-144.3414],"skew":[-0.1704,-0.1704],"index":31,"duration":10},{"scale":[1.0583,1.0581],"pivot":[12.2,3.7],"ref":"Pupil","loc":[-16.9617,-149.5934],"skew":[-0.2717,-0.2717],"index":41,"duration":1}],"name":"Pupil"},{"keyframes":[{"scale":[1.0583,1.0581],"pivot":[15.9,2.15],"ref":"EyelidLower","loc":[-14.1799,-145.4241],"skew":[-0.2717,-0.2717],"index":0,"duration":10},{"scale":[1.0573,1.0572],"pivot":[15.85,2.15],"ref":"EyelidLower","loc":[-20.099,-139.9518],"skew":[-0.1704,-0.1704],"index":10,"duration":10},{"scale":[1.0583,1.0581],"pivot":[15.9,2.15],"ref":"EyelidLower","loc":[-14.1799,-145.4241],"skew":[-0.2717,-0.2717],"index":20,"duration":11},{"scale":[1.0573,1.0572],"pivot":[15.85,2.15],"ref":"EyelidLower","loc":[-20.099,-139.9518],"skew":[-0.1704,-0.1704],"index":31,"duration":10},{"scale":[1.0583,1.0581],"pivot":[15.9,2.15],"ref":"EyelidLower","loc":[-14.1799,-145.4241],"skew":[-0.2717,-0.2717],"index":41,"duration":1}],"name":"Eyelid Lower"},{"keyframes":[{"scale":[1.0583,1.0581],"pivot":[17.55,4.3],"ref":"EyelidUpper","loc":[-15.6372,-152.2012],"skew":[-0.2717,-0.2717],"index":0,"duration":10},{"scale":[1.0573,1.0572],"pivot":[17.55,4.25],"ref":"EyelidUpper","loc":[-20.8012,-146.8187],"skew":[-0.1704,-0.1704],"index":10,"duration":10},{"scale":[1.0583,1.0581],"pivot":[17.55,4.3],"ref":"EyelidUpper","loc":[-15.6372,-152.2012],"skew":[-0.2717,-0.2717],"index":20,"duration":11},{"scale":[1.0573,1.0572],"pivot":[17.55,4.25],"ref":"EyelidUpper","loc":[-20.8012,-146.8187],"skew":[-0.1704,-0.1704],"index":31,"duration":10},{"scale":[1.0583,1.0581],"pivot":[17.55,4.3],"ref":"EyelidUpper","loc":[-15.6372,-152.2012],"skew":[-0.2717,-0.2717],"index":41,"duration":1}],"name":"Eyelid Upper"},{"keyframes":[{"scale":[1.0583,1.0581],"pivot":[16.75,3],"ref":"Brow","loc":[-18.2719,-163.8991],"skew":[-0.2717,-0.2717],"index":0,"duration":10},{"scale":[1.0573,1.0572],"pivot":[16.8,3],"ref":"Brow","loc":[-22.9068,-159.3865],"skew":[-0.1704,-0.1704],"index":10,"duration":10},{"scale":[1.0583,1.0581],"pivot":[16.75,3],"ref":"Brow","loc":[-18.2719,-163.8991],"skew":[-0.2717,-0.2717],"index":20,"duration":11},{"scale":[1.0573,1.0572],"pivot":[16.8,3],"ref":"Brow","loc":[-21.8068,-159.3865],"skew":[-0.1704,-0.1704],"index":31,"duration":10},{"scale":[1.0583,1.0581],"pivot":[16.75,3],"ref":"Brow","loc":[-18.2719,-163.8991],"skew":[-0.2717,-0.2717],"index":41,"duration":1}],"name":"Brow"},{"keyframes":[{"scale":[1.0603,1.0601],"pivot":[33.5,4.55],"ref":"HairFront","loc":[-5.4876,-189.3136],"skew":[-0.0488,-0.0488],"index":0,"duration":5},{"scale":[1.1185,1.0371],"pivot":[33.5,4.55],"ref":"HairFront","loc":[-6.2807,-185.8199],"skew":[0.0003,0.0003],"index":5,"duration":5},{"scale":[1.0597,1.0596],"pivot":[33.55,4.55],"ref":"HairFront","loc":[-7.0248,-182.4405],"skew":[0.0491,0.0491],"index":10,"duration":4},{"scale":[1.0605,1.0942],"pivot":[33.6,4.5],"ref":"HairFront","loc":[-6.5287,-185.1913],"skew":[0.0531,0.0531],"index":14,"duration":6},{"scale":[1.0603,1.0601],"pivot":[33.5,4.55],"ref":"HairFront","loc":[-5.4876,-189.3136],"skew":[-0.0488,-0.0488],"index":20,"duration":6},{"scale":[1.1185,1.0371],"pivot":[33.5,4.55],"ref":"HairFront","loc":[-6.2807,-185.8199],"skew":[0.0003,0.0003],"index":26,"duration":5},{"scale":[1.0597,1.0596],"pivot":[33.55,4.55],"ref":"HairFront","loc":[-7.0248,-182.4405],"skew":[0.0491,0.0491],"index":31,"duration":4},{"scale":[1.0605,1.0942],"pivot":[33.6,4.5],"ref":"HairFront","loc":[-6.5287,-185.1913],"skew":[0.0531,0.0531],"index":35,"duration":6},{"scale":[1.0603,1.0601],"pivot":[33.5,4.55],"ref":"HairFront","loc":[-5.4876,-189.3136],"skew":[-0.0488,-0.0488],"index":41,"duration":1}],"name":"Hair Front"}],"id":"dance_01"},{"layers":[{"keyframes":[{"duration":1,"loc":[321,240],"index":0,"pivot":[321,240],"ref":"background"}],"name":"Layer 1"},{"keyframes":[{"duration":1,"loc":[543.95,256.15],"index":0,"pivot":[-6.9,-5.5],"ref":"dance_01"}],"name":"Layer 2"}],"id":"dance_scene"},{"layers":[{"keyframes":[{"scale":[1.0605,1.0603],"pivot":[38.7,2.35],"ref":"HairBack","loc":[3.5402,-191.3083],"index":0,"duration":3},{"scale":[1.079,1.0254],"pivot":[38.7,2.35],"ref":"HairBack","loc":[3.5565,-182.0402],"index":3,"duration":4},{"scale":[1.0605,1.0603],"pivot":[38.7,2.3],"ref":"HairBack","loc":[3.5402,-178.6113],"index":7,"duration":4},{"scale":[1.0234,1.0864],"pivot":[38.7,2.35],"ref":"HairBack","loc":[3.5547,-181.3969],"index":11,"duration":3},{"scale":[1.0605,1.0603],"pivot":[38.7,2.35],"ref":"HairBack","loc":[3.5402,-191.3083],"index":14,"duration":4},{"scale":[1.079,1.0254],"pivot":[38.7,2.35],"ref":"HairBack","loc":[3.5565,-182.0402],"index":18,"duration":4},{"scale":[1.0605,1.0603],"pivot":[38.7,2.3],"ref":"HairBack","loc":[3.5402,-178.6113],"index":22,"duration":4},{"scale":[1.0234,1.0864],"pivot":[38.7,2.35],"ref":"HairBack","loc":[3.5547,-181.3969],"index":26,"duration":3},{"scale":[1.0605,1.0603],"pivot":[38.7,2.35],"ref":"HairBack","loc":[3.5402,-191.3083],"index":29,"duration":1}],"name":"Hair Back"},{"keyframes":[{"scale":[1.0605,1.0603],"pivot":[7.65,3.65],"ref":"RArmUpper","loc":[-9.1374,-102.5299],"index":0,"duration":7},{"scale":[1.0603,1.0602],"pivot":[7.7,3.65],"ref":"RArmUpper","loc":[-9.1375,-89.8599],"skew":[-0.04,-0.04],"index":7,"duration":7},{"scale":[1.0605,1.0603],"pivot":[7.65,3.65],"ref":"RArmUpper","loc":[-9.1374,-102.5299],"index":14,"duration":8},{"scale":[1.0605,1.0603],"pivot":[7.65,3.65],"ref":"RArmUpper","loc":[-9.1374,-89.8299],"index":22,"duration":4},{"scale":[1.0604,1.0602],"pivot":[7.65,3.7],"ref":"RArmUpper","loc":[-9.1677,-92.6257],"skew":[-0.0182,-0.0182],"index":26,"duration":3},{"scale":[1.0605,1.0603],"pivot":[7.65,3.65],"ref":"RArmUpper","loc":[-9.1374,-102.5299],"index":29,"duration":1}],"name":"R Arm Upper"},{"keyframes":[{"scale":[1.06,1.0599],"pivot":[19.9,2.25],"ref":"RArmLower","loc":[-10.3718,-39.4081],"skew":[-0.1224,-0.1224],"index":0,"duration":7},{"scale":[1.06,1.0598],"pivot":[20,2.25],"ref":"RArmLower","loc":[-7.4279,-25.7896],"skew":[-0.1444,-0.1443],"index":7,"duration":7},{"scale":[1.0596,1.0595],"pivot":[19.95,2.25],"ref":"RArmLower","loc":[-10.3766,-39.4101],"skew":[-0.2496,-0.2495],"index":14,"duration":8},{"scale":[1.0605,1.0603],"pivot":[19.95,2.2],"ref":"RArmLower","loc":[-10.3436,-26.7173],"index":22,"duration":4},{"scale":[1.0602,1.0601],"pivot":[19.95,2.3],"ref":"RArmLower","loc":[-8.1983,-26.3136],"skew":[0.0355,0.0355],"index":26,"duration":3},{"scale":[1.06,1.0599],"pivot":[19.9,2.25],"ref":"RArmLower","loc":[-10.3718,-39.4081],"skew":[-0.1224,-0.1224],"index":29,"duration":1}],"name":"R Arm Lower"},{"keyframes":[{"scale":[1.0597,1.0596],"pivot":[6.5,2.8],"ref":"RHand","loc":[-22.2829,14.339],"skew":[0.2103,0.2102],"index":0,"duration":7},{"scale":[1.06,1.0598],"pivot":[6.55,2.85],"ref":"RHand","loc":[-19.014,25.9876],"skew":[0.1444,0.1443],"index":7,"duration":7},{"scale":[1.0595,1.0593],"pivot":[6.45,2.9],"ref":"RHand","loc":[-17.474,18.3982],"skew":[-0.2889,-0.2888],"index":14,"duration":8},{"scale":[1.0605,1.0603],"pivot":[6.5,2.85],"ref":"RHand","loc":[-29.4569,24.9719],"index":22,"duration":4},{"scale":[1.0586,1.0586],"pivot":[6.5,2.85],"ref":"RHand","loc":[-31.0428,23.7406],"skew":[0.5553,0.5552],"index":26,"duration":3},{"scale":[1.0597,1.0596],"pivot":[6.5,2.8],"ref":"RHand","loc":[-22.2829,14.339],"skew":[0.2103,0.2102],"index":29,"duration":1}],"name":"R Hand"},{"keyframes":[{"scale":[1.0596,1.0594],"pivot":[4.15,5.55],"ref":"RLegLower","loc":[-35.1424,83.8564],"skew":[-0.2592,-0.2592],"index":0,"duration":7},{"scale":[1.0594,1.0592],"pivot":[4.3,5.55],"ref":"RLegLower","loc":[-39.8692,102.2687],"skew":[0.2321,0.2321],"index":7,"duration":7},{"scale":[1.0605,1.1256],"pivot":[4.25,5.55],"ref":"RLegLower","loc":[12.357,92.3471],"index":14,"duration":8},{"scale":[1.0588,1.0314],"pivot":[4.25,5.55],"ref":"RLegLower","loc":[20.9574,101.7367],"skew":[-0.292,-0.2919],"index":22,"duration":7},{"scale":[1.0596,1.0594],"pivot":[4.15,5.55],"ref":"RLegLower","loc":[-35.1424,83.8564],"skew":[-0.2592,-0.2592],"index":29,"duration":1}],"name":"R Leg lower"},{"keyframes":[{"scale":[1.0566,1.0567],"pivot":[31.15,2.8],"ref":"RFoot","loc":[-5.0718,154.2841],"skew":[-1.2255,-1.2254],"index":0,"duration":7},{"scale":[1.0587,1.0585],"pivot":[31.1,2.85],"ref":"RFoot","loc":[-48.1882,178.3785],"skew":[0.2584,0.2583],"index":7,"duration":7},{"scale":[1.0599,1.0597],"pivot":[31.1,2.85],"ref":"RFoot","loc":[21.4776,174.2309],"skew":[0.1756,0.1756],"index":14,"duration":8},{"scale":[1.0552,1.0675],"pivot":[31,2.9],"ref":"RFoot","loc":[49.9848,171.1176],"skew":[-0.2924,-0.1395],"index":22,"duration":7},{"scale":[1.0566,1.0567],"pivot":[31.15,2.8],"ref":"RFoot","loc":[-5.0718,154.2841],"skew":[-1.2255,-1.2254],"index":29,"duration":1}],"name":"R Foot"},{"keyframes":[{"scale":[1.0596,1.0595],"pivot":[7.25,11.6],"ref":"RLegUpper","loc":[-21.305,-9.5043],"skew":[0.2361,0.236],"index":0,"duration":7},{"scale":[1.0596,1.0595],"pivot":[7.2,11.55],"ref":"RLegUpper","loc":[-25.3383,7.0458],"skew":[0.2283,0.2283],"index":7,"duration":7},{"scale":[1.0597,1.0882],"pivot":[7.15,11.6],"ref":"RLegUpper","loc":[-21.9395,-6.6432],"skew":[-0.2258,-0.2258],"index":14,"duration":8},{"scale":[1.0589,1.0588],"pivot":[7.15,11.55],"ref":"RLegUpper","loc":[-20.4675,9.2879],"skew":[-0.3145,-0.3144],"index":22,"duration":7},{"scale":[1.0596,1.0595],"pivot":[7.25,11.6],"ref":"RLegUpper","loc":[-21.305,-9.5043],"skew":[0.2361,0.236],"index":29,"duration":1}],"name":"R Leg Upper"},{"keyframes":[{"scale":[1.0605,1.0603],"pivot":[23.9,20.3],"ref":"Hips","loc":[-1.6548,-7.2759],"index":0,"duration":7},{"scale":[1.0601,1.0599],"pivot":[23.9,20.3],"ref":"Hips","loc":[-3.9131,6.6518],"skew":[0.1093,0.1093],"index":7,"duration":7},{"scale":[1.0605,1.0603],"pivot":[23.9,20.3],"ref":"Hips","loc":[-1.6548,-7.2759],"index":14,"duration":8},{"scale":[1.0588,1.0587],"pivot":[24.9,20.55],"ref":"Hips","loc":[4.0887,11.7292],"skew":[-0.4604,-0.4603],"index":22,"duration":7},{"scale":[1.0605,1.0603],"pivot":[23.9,20.3],"ref":"Hips","loc":[-1.6548,-7.2759],"index":29,"duration":1}],"name":"hips"},{"keyframes":[{"scale":[1.0605,1.16],"pivot":[5.8,9.05],"ref":"LLegLower","loc":[30.3007,100.7983],"index":0,"duration":7},{"scale":[1.0593,1.1402],"pivot":[5.75,9.2],"ref":"LLegLower","loc":[36.0573,110.4198],"skew":[-0.3549,-0.3548],"index":7,"duration":7},{"scale":[1.059,1.0589],"pivot":[5.8,9.1],"ref":"LLegLower","loc":[-23.2282,99.5647],"skew":[-0.4335,-0.4334],"index":14,"duration":8},{"scale":[1.0589,1.0858],"pivot":[5.85,9.15],"ref":"LLegLower","loc":[-15.1556,111.43],"skew":[0.4425,0.4424],"index":22,"duration":7},{"scale":[1.0605,1.16],"pivot":[5.8,9.05],"ref":"LLegLower","loc":[30.3007,100.7983],"index":29,"duration":1}],"name":"L Leg Lower"},{"keyframes":[{"scale":[1.0589,1.0587],"pivot":[30.6,2.15],"ref":"LFoot","loc":[43.5349,180.5546],"skew":[0.2189,0.2188],"index":0,"duration":7},{"scale":[1.0554,1.0552],"pivot":[30.65,2.05],"ref":"LFoot","loc":[74.9559,177.3473],"skew":[-0.0036,-0.0036],"index":7,"duration":7},{"scale":[1.0558,1.0559],"pivot":[30.6,2.05],"ref":"LFoot","loc":[20.4971,157.5139],"skew":[-1.4921,-1.4921],"index":14,"duration":4},{"scale":[1.0563,1.0563],"pivot":[30.65,2.1],"ref":"LFoot","loc":[-12.3969,177.6165],"skew":[-0.3409,-0.3409],"index":18,"duration":4},{"scale":[1.0584,1.0582],"pivot":[30.6,2.05],"ref":"LFoot","loc":[-34.7545,184.8899],"skew":[0.3601,0.36],"index":22,"duration":7},{"scale":[1.0589,1.0587],"pivot":[30.6,2.15],"ref":"LFoot","loc":[43.5349,180.5546],"skew":[0.2189,0.2188],"index":29,"duration":1}],"name":"L Foot"},{"keyframes":[{"scale":[1.0604,1.0602],"pivot":[18.3,11.3],"ref":"LLegUpper","loc":[9.271,-1.1418],"skew":[-0.014,-0.014],"index":0,"duration":7},{"scale":[1.0599,1.0598],"pivot":[18.25,11.35],"ref":"LLegUpper","loc":[7.1364,14.2549],"skew":[-0.0746,-0.0745],"index":7,"duration":7},{"scale":[1.0588,1.0587],"pivot":[18.3,11.35],"ref":"LLegUpper","loc":[10.3128,0.4532],"skew":[0.534,0.5339],"index":14,"duration":8},{"scale":[1.0581,1.058],"pivot":[18.3,11.25],"ref":"LLegUpper","loc":[16.5029,13.6803],"skew":[0.4916,0.4915],"index":22,"duration":7},{"scale":[1.0604,1.0602],"pivot":[18.3,11.3],"ref":"LLegUpper","loc":[9.271,-1.1418],"skew":[-0.014,-0.014],"index":29,"duration":1}],"name":"L Leg Upper"},{"keyframes":[{"scale":[1.0605,1.0603],"pivot":[24.05,95.55],"ref":"Torso","loc":[-0.4457,-9.1881],"index":0,"duration":7},{"scale":[1.0784,1.0766],"pivot":[24.2,95.45],"ref":"Torso","loc":[-3.3491,4.5154],"skew":[0.031,0.031],"index":7,"duration":7},{"scale":[1.0605,1.0603],"pivot":[24.05,95.55],"ref":"Torso","loc":[-0.4457,-9.1881],"index":14,"duration":8},{"scale":[1.1036,1.0825],"pivot":[23.85,95.55],"ref":"Torso","loc":[2.3647,5.8177],"skew":[-0.0569,-0.0569],"index":22,"duration":7},{"scale":[1.0605,1.0603],"pivot":[24.05,95.55],"ref":"Torso","loc":[-0.4457,-9.1881],"index":29,"duration":1}],"name":"torso"},{"keyframes":[{"scale":[1.0595,1.0593],"pivot":[5.1,2.25],"ref":"LArmUpper","loc":[24.4737,-100.495],"skew":[0.0699,0.0699],"index":0,"duration":7},{"scale":[1.0596,1.0594],"pivot":[5.1,2.3],"ref":"LArmUpper","loc":[24.4705,-87.771],"skew":[0.183,0.1829],"index":7,"duration":4},{"scale":[1.0573,1.0571],"pivot":[4.9,2.15],"ref":"LArmUpper","loc":[24.4454,-90.5011],"skew":[0.2535,0.2534],"index":11,"duration":3},{"scale":[1.0594,1.0592],"pivot":[5.05,2.3],"ref":"LArmUpper","loc":[24.4281,-100.4886],"skew":[0.1007,0.1006],"index":14,"duration":8},{"scale":[1.0597,1.0596],"pivot":[5.05,2.3],"ref":"LArmUpper","loc":[24.4545,-87.7329],"skew":[-0.0223,-0.0223],"index":22,"duration":7},{"scale":[1.0595,1.0593],"pivot":[5.1,2.25],"ref":"LArmUpper","loc":[24.4737,-100.495],"skew":[0.0699,0.0699],"index":29,"duration":1}],"name":"L Arm Upper"},{"keyframes":[{"scale":[1.059,1.0588],"pivot":[4.55,1.7],"ref":"LArmLower","loc":[27.5739,-33.1471],"skew":[0.1176,0.1176],"index":0,"duration":7},{"scale":[1.0587,1.0585],"pivot":[4.45,1.55],"ref":"LArmLower","loc":[19.9222,-21.5393],"skew":[0.124,0.124],"index":7,"duration":4},{"scale":[1.0568,1.0566],"pivot":[4.45,1.75],"ref":"LArmLower","loc":[15.008,-22.8093],"skew":[0.1753,0.1753],"index":11,"duration":3},{"scale":[1.0582,1.058],"pivot":[4.55,1.65],"ref":"LArmLower","loc":[25.839,-31.0402],"skew":[0.0661,0.0661],"index":14,"duration":8},{"scale":[1.0589,1.0588],"pivot":[4.4,1.65],"ref":"LArmLower","loc":[33.1288,-20.9708],"skew":[-0.1607,-0.1606],"index":22,"duration":7},{"scale":[1.059,1.0588],"pivot":[4.55,1.7],"ref":"LArmLower","loc":[27.5739,-33.1471],"skew":[0.1176,0.1176],"index":29,"duration":1}],"name":"L Arm Lower"},{"keyframes":[{"scale":[1.0571,1.057],"pivot":[4.25,1.85],"ref":"LHand","loc":[26.6462,20.0534],"skew":[-0.4508,-0.4506],"index":0,"duration":7},{"scale":[1.0552,1.0551],"pivot":[4.2,1.95],"ref":"LHand","loc":[18.1822,35.3459],"skew":[-0.4765,-0.4764],"index":7,"duration":4},{"scale":[1.0551,1.0549],"pivot":[4.1,1.8],"ref":"LHand","loc":[10.3138,33.1969],"skew":[-0.0801,-0.08],"index":11,"duration":3},{"scale":[1.0511,1.0509],"pivot":[4.15,1.8],"ref":"LHand","loc":[28.2757,23.887],"skew":[-0.0352,-0.0352],"index":14,"duration":8},{"scale":[1.0586,1.0585],"pivot":[4.3,2],"ref":"LHand","loc":[48.0673,28.5618],"skew":[-0.2324,-0.2324],"index":22,"duration":7},{"scale":[1.0571,1.057],"pivot":[4.25,1.85],"ref":"LHand","loc":[26.6462,20.0534],"skew":[-0.4508,-0.4506],"index":29,"duration":1}],"name":"L Hand"},{"keyframes":[{"scale":[1.0605,1.0603],"pivot":[7.35,37.75],"ref":"Neck","loc":[2.9945,-104.0736],"index":0,"duration":7},{"scale":[1.0605,1.0603],"pivot":[7.35,37.8],"ref":"Neck","loc":[2.9945,-91.3206],"index":7,"duration":7},{"scale":[1.0605,1.0603],"pivot":[7.35,37.75],"ref":"Neck","loc":[2.9945,-104.0736],"index":14,"duration":8},{"scale":[1.0605,1.0603],"pivot":[7.35,37.8],"ref":"Neck","loc":[2.9945,-91.3206],"index":22,"duration":7},{"scale":[1.0605,1.0603],"pivot":[7.35,37.75],"ref":"Neck","loc":[2.9945,-104.0736],"index":29,"duration":1}],"name":"neck"},{"keyframes":[{"scale":[1.0605,1.0603],"pivot":[32.4,4.15],"ref":"HairMiddle","loc":[-5.3408,-193.5997],"index":0,"duration":3},{"scale":[1.0801,1.0069],"pivot":[32.4,4.15],"ref":"HairMiddle","loc":[-5.3555,-184.3714],"index":3,"duration":4},{"scale":[1.0605,1.0603],"pivot":[32.4,4.15],"ref":"HairMiddle","loc":[-5.3408,-180.8497],"index":7,"duration":4},{"scale":[1.0277,1.0943],"pivot":[32.4,4.15],"ref":"HairMiddle","loc":[-5.3522,-183.6587],"index":11,"duration":3},{"scale":[1.0605,1.0603],"pivot":[32.4,4.15],"ref":"HairMiddle","loc":[-5.3408,-193.5997],"index":14,"duration":4},{"scale":[1.0801,1.0069],"pivot":[32.4,4.15],"ref":"HairMiddle","loc":[-5.3555,-184.3714],"index":18,"duration":4},{"scale":[1.0605,1.0603],"pivot":[32.4,4.15],"ref":"HairMiddle","loc":[-5.3408,-180.8497],"index":22,"duration":4},{"scale":[1.0277,1.0943],"pivot":[32.4,4.15],"ref":"HairMiddle","loc":[-5.3522,-183.6587],"index":26,"duration":3},{"scale":[1.0605,1.0603],"pivot":[32.4,4.15],"ref":"HairMiddle","loc":[-5.3408,-193.5997],"index":29,"duration":1}],"name":"Hair Middle"},{"keyframes":[{"scale":[1.0599,1.0597],"pivot":[37.9,54.2],"ref":"Head","loc":[10.3662,-134.9496],"skew":[-0.1621,-0.1621],"index":0,"duration":7},{"scale":[1.06,1.0599],"pivot":[37.9,54.25],"ref":"Head","loc":[9.5171,-121.8325],"skew":[-0.1276,-0.1276],"index":7,"duration":7},{"scale":[1.0599,1.0597],"pivot":[37.9,54.2],"ref":"Head","loc":[10.3662,-134.9496],"skew":[-0.1621,-0.1621],"index":14,"duration":8},{"scale":[1.06,1.0599],"pivot":[37.9,54.25],"ref":"Head","loc":[9.5171,-121.8325],"skew":[-0.1276,-0.1276],"index":22,"duration":7},{"scale":[1.0599,1.0597],"pivot":[37.9,54.2],"ref":"Head","loc":[10.3662,-134.9496],"skew":[-0.1621,-0.1621],"index":29,"duration":1}],"name":"head"},{"keyframes":[{"scale":[1.0599,1.0597],"pivot":[20,7],"ref":"Cheeks","loc":[-10.1823,-140.0008],"skew":[-0.1621,-0.1621],"index":0,"duration":7},{"scale":[1.06,1.0599],"pivot":[19.95,7.05],"ref":"Cheeks","loc":[-10.8736,-127.5798],"skew":[-0.1276,-0.1276],"index":7,"duration":7},{"scale":[1.0599,1.0597],"pivot":[20,7],"ref":"Cheeks","loc":[-10.1823,-140.0008],"skew":[-0.1621,-0.1621],"index":14,"duration":8},{"scale":[1.06,1.0599],"pivot":[19.95,7.05],"ref":"Cheeks","loc":[-10.8736,-127.5798],"skew":[-0.1276,-0.1276],"index":22,"duration":7},{"scale":[1.0599,1.0597],"pivot":[20,7],"ref":"Cheeks","loc":[-10.1823,-140.0008],"skew":[-0.1621,-0.1621],"index":29,"duration":1}],"name":"Cheeks"},{"keyframes":[{"scale":[1.0599,1.0597],"pivot":[11.85,2.3],"ref":"mouth_symbol","loc":[-9.4614,-133.7219],"skew":[-0.1621,-0.1621],"index":0,"duration":7},{"scale":[1.06,1.0599],"pivot":[11.8,2.35],"ref":"mouth_symbol","loc":[-10.3765,-121.2713],"skew":[-0.1276,-0.1276],"index":7,"duration":7},{"scale":[1.0599,1.0597],"pivot":[11.85,2.3],"ref":"mouth_symbol","loc":[-9.4614,-133.7219],"skew":[-0.1621,-0.1621],"index":14,"duration":8},{"scale":[1.06,1.0599],"pivot":[11.8,2.35],"ref":"mouth_symbol","loc":[-10.3765,-121.2713],"skew":[-0.1276,-0.1276],"index":22,"duration":7},{"scale":[1.0599,1.0597],"pivot":[11.85,2.3],"ref":"mouth_symbol","loc":[-9.4614,-133.7219],"skew":[-0.1621,-0.1621],"index":29,"duration":1}],"name":"mouth"},{"keyframes":[{"scale":[1.0599,1.0597],"pivot":[3.65,2.35],"ref":"nose","loc":[-17.73,-140.0667],"skew":[-0.1621,-0.1621],"index":0,"duration":7},{"scale":[1.06,1.0599],"pivot":[3.6,2.4],"ref":"nose","loc":[-18.3912,-127.9126],"skew":[-0.1276,-0.1276],"index":7,"duration":7},{"scale":[1.0599,1.0597],"pivot":[3.65,2.35],"ref":"nose","loc":[-17.73,-140.0667],"skew":[-0.1621,-0.1621],"index":14,"duration":8},{"scale":[1.06,1.0599],"pivot":[3.6,2.4],"ref":"nose","loc":[-18.3912,-127.9126],"skew":[-0.1276,-0.1276],"index":22,"duration":7},{"scale":[1.0599,1.0597],"pivot":[3.65,2.35],"ref":"nose","loc":[-17.73,-140.0667],"skew":[-0.1621,-0.1621],"index":29,"duration":1}],"name":"nose"},{"keyframes":[{"scale":[1.0599,1.0597],"pivot":[16.7,5.3],"ref":"Eyes","loc":[-13.625,-150.4141],"skew":[-0.1621,-0.1621],"index":0,"duration":7},{"scale":[1.06,1.0599],"pivot":[16.75,5.2],"ref":"Eyes","loc":[-13.9376,-138.2429],"skew":[-0.1276,-0.1276],"index":7,"duration":7},{"scale":[1.0599,1.0597],"pivot":[16.7,5.3],"ref":"Eyes","loc":[-13.625,-150.4141],"skew":[-0.1621,-0.1621],"index":14,"duration":8},{"scale":[1.06,1.0599],"pivot":[16.75,5.2],"ref":"Eyes","loc":[-13.9376,-138.2429],"skew":[-0.1276,-0.1276],"index":22,"duration":7},{"scale":[1.0599,1.0597],"pivot":[16.7,5.3],"ref":"Eyes","loc":[-13.625,-150.4141],"skew":[-0.1621,-0.1621],"index":29,"duration":1}],"name":"eyes"},{"keyframes":[{"scale":[1.0599,1.0597],"pivot":[12.2,3.65],"ref":"Pupil","loc":[-15.4143,-151.1699],"skew":[-0.1621,-0.1621],"index":0,"duration":7},{"scale":[1.06,1.0599],"pivot":[12.2,3.7],"ref":"Pupil","loc":[-15.7238,-138.706],"skew":[-0.1276,-0.1276],"index":7,"duration":7},{"scale":[1.0599,1.0597],"pivot":[12.2,3.65],"ref":"Pupil","loc":[-15.4143,-151.1699],"skew":[-0.1621,-0.1621],"index":14,"duration":8},{"scale":[1.06,1.0599],"pivot":[12.2,3.7],"ref":"Pupil","loc":[-15.7238,-138.706],"skew":[-0.1276,-0.1276],"index":22,"duration":7},{"scale":[1.0599,1.0597],"pivot":[12.2,3.65],"ref":"Pupil","loc":[-15.4143,-151.1699],"skew":[-0.1621,-0.1621],"index":29,"duration":1}],"name":"Pupil"},{"keyframes":[{"scale":[1.0599,1.0597],"pivot":[16,2.25],"ref":"EyelidLower","loc":[-13.029,-146.6342],"skew":[-0.1621,-0.1621],"index":0,"duration":7},{"scale":[1.06,1.0599],"pivot":[16.1,2.15],"ref":"EyelidLower","loc":[-13.4325,-134.4115],"skew":[-0.1276,-0.1276],"index":7,"duration":7},{"scale":[1.0599,1.0597],"pivot":[16,2.25],"ref":"EyelidLower","loc":[-13.029,-146.6342],"skew":[-0.1621,-0.1621],"index":14,"duration":8},{"scale":[1.06,1.0599],"pivot":[16.1,2.15],"ref":"EyelidLower","loc":[-13.4325,-134.4115],"skew":[-0.1276,-0.1276],"index":22,"duration":7},{"scale":[1.0599,1.0597],"pivot":[16,2.25],"ref":"EyelidLower","loc":[-13.029,-146.6342],"skew":[-0.1621,-0.1621],"index":29,"duration":1}],"name":"Eyelid Lower"},{"keyframes":[{"scale":[1.0599,1.0597],"pivot":[17.5,4.3],"ref":"EyelidUpper","loc":[-13.8093,-153.5968],"skew":[-0.1621,-0.1621],"index":0,"duration":7},{"scale":[1.06,1.0599],"pivot":[17.5,4.35],"ref":"EyelidUpper","loc":[-14.0138,-141.2876],"skew":[-0.1276,-0.1276],"index":7,"duration":7},{"scale":[1.0599,1.0597],"pivot":[17.5,4.3],"ref":"EyelidUpper","loc":[-13.8093,-153.5968],"skew":[-0.1621,-0.1621],"index":14,"duration":8},{"scale":[1.06,1.0599],"pivot":[17.5,4.35],"ref":"EyelidUpper","loc":[-14.0138,-141.2876],"skew":[-0.1276,-0.1276],"index":22,"duration":7},{"scale":[1.0599,1.0597],"pivot":[17.5,4.3],"ref":"EyelidUpper","loc":[-13.8093,-153.5968],"skew":[-0.1621,-0.1621],"index":29,"duration":1}],"name":"Eyelid Upper"},{"keyframes":[{"scale":[1.0599,1.0597],"pivot":[16.8,2.95],"ref":"Brow","loc":[-15.0724,-165.5889],"skew":[-0.1621,-0.1621],"index":0,"duration":7},{"scale":[1.06,1.0599],"pivot":[16.75,2.85],"ref":"Brow","loc":[-15.0047,-154.9133],"skew":[-0.1276,-0.1276],"index":7,"duration":7},{"scale":[1.0599,1.0597],"pivot":[16.8,2.95],"ref":"Brow","loc":[-15.0724,-165.5889],"skew":[-0.1621,-0.1621],"index":14,"duration":8},{"scale":[1.06,1.0599],"pivot":[16.75,2.85],"ref":"Brow","loc":[-15.0047,-154.9133],"skew":[-0.1276,-0.1276],"index":22,"duration":7},{"scale":[1.0599,1.0597],"pivot":[16.8,2.95],"ref":"Brow","loc":[-15.0724,-165.5889],"skew":[-0.1621,-0.1621],"index":29,"duration":1}],"name":"Brow"},{"keyframes":[{"scale":[1.0605,1.0603],"pivot":[33.5,4.55],"ref":"HairFront","loc":[-1.6242,-193.0256],"index":0,"duration":3},{"scale":[1.1554,1.0364],"pivot":[33.5,4.65],"ref":"HairFront","loc":[-1.6427,-183.7308],"index":3,"duration":4},{"scale":[1.0605,1.0603],"pivot":[33.5,4.6],"ref":"HairFront","loc":[-1.6242,-180.2726],"index":7,"duration":4},{"scale":[1.013,1.1201],"pivot":[33.45,4.6],"ref":"HairFront","loc":[-1.6651,-181.3475],"index":11,"duration":3},{"scale":[1.0605,1.0603],"pivot":[33.5,4.55],"ref":"HairFront","loc":[-1.6242,-193.0256],"index":14,"duration":4},{"scale":[1.1079,1.0244],"pivot":[33.5,4.6],"ref":"HairFront","loc":[-1.635,-185.0877],"index":18,"duration":4},{"scale":[1.0605,1.0603],"pivot":[33.5,4.6],"ref":"HairFront","loc":[-1.6242,-180.2726],"index":22,"duration":4},{"scale":[0.9971,1.0962],"pivot":[33.5,4.55],"ref":"HairFront","loc":[-1.6461,-181.5623],"index":26,"duration":3},{"scale":[1.0605,1.0603],"pivot":[33.5,4.55],"ref":"HairFront","loc":[-1.6242,-193.0256],"index":29,"duration":1}],"name":"Hair Front"}],"id":"walk"}]}